{"metadata": {"normals": 59, "version": 3, "faces": 149, "generator": "io_three", "vertices": 304, "uvs": 1, "type": "Geometry"}, "normals": [0.01944, -0.998749, -0.045747, -0.085299, 0, -0.996338, 0, 0, -1, 1, 0, 0, 0.999969, 0, 0, 0.50972, -0.141087, -0.848659, 0.566301, -0.111881, -0.816553, 0.548021, -0.117313, -0.828181, 0.512986, -0.149297, -0.845271, 0.605213, -0.094363, -0.790429, 0.605304, -0.095187, -0.790246, 0.556352, 0.168035, -0.813746, 0.559862, 0.154729, -0.81399, 0.558611, 0.15949, -0.813929, 0.565203, 0.133671, -0.81402, 0.564135, 0.137944, -0.814051, 0.570025, 0.11359, -0.813715, 0.569109, 0.117496, -0.813807, 0.574358, 0.094516, -0.813105, 0.573565, 0.098025, -0.813227, 0.578295, 0.076357, -0.81222, 0.577624, 0.079531, -0.812403, 0.581835, 0.059053, -0.811121, 0.581256, 0.061953, -0.811335, 0.58504, 0.042604, -0.80987, 0.584552, 0.045198, -0.810083, 0.587939, 0.026948, -0.808435, 0.587512, 0.029298, -0.808649, 0.590564, 0.011994, -0.806879, 0.590197, 0.01413, -0.807123, 0.592914, -0.002197, -0.805231, 0.592608, -0.000275, -0.805475, 0.59505, -0.015778, -0.803491, 0.594775, -0.014039, -0.803735, 0.597003, -0.028718, -0.801691, 0.596759, -0.027161, -0.801935, 0.598743, -0.041078, -0.79986, 0.598559, -0.039674, -0.800073, 0.60033, -0.052889, -0.797967, 0.600177, -0.051607, -0.798181, 0.601764, -0.06418, -0.796075, 0.601611, -0.063021, -0.796258, 0.603076, -0.074984, -0.794122, 0.602954, -0.073946, -0.794336, 0.604236, -0.085299, -0.792199, 0.604144, -0.084384, -0.792383, 0.566485, -0.302744, -0.766411, 0.563036, -0.29136, -0.773339, 0.564165, -0.294992, -0.771142, 0.556688, -0.271035, -0.785241, 0.558031, -0.275216, -0.78283, 0.549486, -0.249062, -0.797479, 0.551103, -0.253822, -0.794885, 0.541368, -0.225257, -0.810022, 0.54326, -0.23072, -0.807215, 0.532121, -0.199438, -0.82281, 0.53441, -0.205695, -0.819788, 0.521622, -0.171422, -0.835749, 0.524369, -0.178625, -0.832514], "name": "Plane.013Geometry.2", "faces": [41, 4, 33, 3, 2, 0, 1, 2, 3, 0, 0, 0, 0, 41, 0, 1, 19, 18, 0, 1, 2, 3, 0, 0, 0, 0, 41, 18, 19, 20, 17, 0, 1, 2, 3, 0, 0, 0, 0, 41, 17, 20, 21, 16, 0, 1, 2, 3, 0, 0, 0, 0, 41, 16, 21, 22, 15, 0, 1, 2, 3, 0, 0, 0, 0, 41, 15, 22, 23, 14, 0, 1, 2, 3, 0, 0, 0, 0, 41, 14, 23, 24, 13, 0, 1, 2, 3, 0, 0, 0, 0, 41, 13, 24, 25, 12, 0, 1, 2, 3, 0, 0, 0, 0, 41, 12, 25, 26, 11, 0, 1, 2, 3, 0, 0, 0, 0, 41, 11, 26, 27, 10, 0, 1, 2, 3, 0, 0, 0, 0, 41, 10, 27, 28, 9, 0, 1, 2, 3, 0, 0, 0, 0, 41, 9, 28, 29, 8, 0, 1, 2, 3, 0, 0, 0, 0, 41, 8, 29, 30, 7, 0, 1, 2, 3, 0, 0, 0, 0, 41, 7, 30, 31, 6, 0, 1, 2, 3, 0, 0, 0, 0, 41, 6, 31, 32, 5, 0, 1, 2, 3, 0, 0, 0, 0, 41, 5, 32, 33, 4, 0, 1, 2, 3, 0, 0, 0, 0, 41, 64, 35, 37, 65, 4, 5, 6, 7, 1, 1, 1, 1, 41, 34, 38, 91, 36, 4, 5, 6, 7, 1, 1, 1, 1, 41, 38, 39, 90, 91, 4, 5, 6, 7, 1, 1, 1, 1, 41, 39, 40, 89, 90, 4, 5, 6, 7, 1, 1, 1, 1, 41, 40, 41, 88, 89, 4, 5, 6, 7, 1, 1, 1, 1, 41, 41, 42, 87, 88, 4, 5, 6, 7, 1, 1, 1, 1, 41, 42, 43, 86, 87, 4, 5, 6, 7, 1, 1, 1, 1, 41, 43, 44, 85, 86, 4, 5, 6, 7, 1, 1, 1, 1, 41, 44, 45, 84, 85, 4, 5, 6, 7, 1, 1, 1, 1, 41, 45, 46, 83, 84, 4, 5, 6, 7, 1, 1, 1, 1, 41, 46, 47, 82, 83, 4, 5, 6, 7, 1, 1, 1, 1, 41, 47, 48, 81, 82, 4, 5, 6, 7, 1, 1, 1, 1, 41, 48, 49, 80, 81, 4, 5, 6, 7, 1, 1, 1, 1, 41, 49, 50, 79, 80, 4, 5, 6, 7, 1, 1, 1, 1, 41, 50, 51, 78, 79, 4, 5, 6, 7, 1, 1, 1, 1, 41, 51, 52, 77, 78, 4, 5, 6, 7, 1, 1, 1, 1, 41, 52, 53, 76, 77, 4, 5, 6, 7, 1, 1, 1, 1, 41, 53, 54, 75, 76, 4, 5, 6, 7, 1, 1, 1, 1, 41, 54, 55, 74, 75, 4, 5, 6, 7, 1, 1, 1, 1, 41, 55, 56, 73, 74, 4, 5, 6, 7, 1, 1, 1, 1, 41, 56, 57, 72, 73, 4, 5, 6, 7, 1, 1, 1, 1, 41, 57, 58, 71, 72, 4, 5, 6, 7, 1, 1, 1, 1, 41, 58, 59, 70, 71, 4, 5, 6, 7, 1, 1, 1, 1, 41, 59, 60, 69, 70, 4, 5, 6, 7, 1, 1, 1, 1, 41, 60, 61, 68, 69, 4, 5, 6, 7, 1, 1, 1, 1, 41, 61, 62, 67, 68, 4, 5, 6, 7, 1, 1, 1, 1, 41, 62, 63, 66, 67, 4, 5, 6, 7, 1, 1, 1, 1, 41, 63, 64, 65, 66, 4, 5, 6, 7, 1, 1, 1, 1, 41, 120, 130, 97, 93, 0, 1, 2, 3, 2, 2, 2, 2, 41, 140, 150, 98, 94, 0, 1, 2, 3, 2, 2, 2, 2, 41, 100, 105, 99, 95, 0, 1, 2, 3, 2, 2, 2, 2, 41, 110, 115, 96, 92, 0, 1, 2, 3, 2, 2, 2, 2, 41, 94, 98, 109, 104, 0, 1, 2, 3, 2, 2, 2, 2, 41, 104, 109, 108, 103, 0, 1, 2, 3, 2, 2, 2, 2, 41, 103, 108, 107, 102, 0, 1, 2, 3, 2, 2, 2, 2, 41, 102, 107, 106, 101, 0, 1, 2, 3, 2, 2, 2, 2, 41, 101, 106, 105, 100, 0, 1, 2, 3, 2, 2, 2, 2, 41, 93, 97, 119, 114, 0, 1, 2, 3, 2, 2, 2, 2, 41, 114, 119, 118, 113, 0, 1, 2, 3, 2, 2, 2, 2, 41, 113, 118, 117, 112, 0, 1, 2, 3, 2, 2, 2, 2, 41, 112, 117, 116, 111, 0, 1, 2, 3, 2, 2, 2, 2, 41, 111, 116, 115, 110, 0, 1, 2, 3, 2, 2, 2, 2, 41, 95, 99, 139, 129, 0, 1, 2, 3, 2, 2, 2, 2, 41, 129, 139, 138, 128, 0, 1, 2, 3, 2, 2, 2, 2, 41, 128, 138, 137, 127, 0, 1, 2, 3, 2, 2, 2, 2, 41, 127, 137, 136, 126, 0, 1, 2, 3, 2, 2, 2, 2, 41, 126, 136, 135, 125, 0, 1, 2, 3, 2, 2, 2, 2, 41, 125, 135, 134, 124, 0, 1, 2, 3, 2, 2, 2, 2, 41, 124, 134, 133, 123, 0, 1, 2, 3, 2, 2, 2, 2, 41, 123, 133, 132, 122, 0, 1, 2, 3, 2, 2, 2, 2, 41, 122, 132, 131, 121, 0, 1, 2, 3, 2, 2, 2, 2, 41, 121, 131, 130, 120, 0, 1, 2, 3, 2, 2, 2, 2, 41, 92, 96, 159, 149, 0, 1, 2, 3, 2, 2, 2, 2, 41, 149, 159, 158, 148, 0, 1, 2, 3, 2, 2, 2, 2, 41, 148, 158, 157, 147, 0, 1, 2, 3, 2, 2, 2, 2, 41, 147, 157, 156, 146, 0, 1, 2, 3, 2, 2, 2, 2, 41, 146, 156, 155, 145, 0, 1, 2, 3, 2, 2, 2, 2, 41, 145, 155, 154, 144, 0, 1, 2, 3, 2, 2, 2, 2, 41, 144, 154, 153, 143, 0, 1, 2, 3, 2, 2, 2, 2, 41, 143, 153, 152, 142, 0, 1, 2, 3, 2, 2, 2, 2, 41, 142, 152, 151, 141, 0, 1, 2, 3, 2, 2, 2, 2, 41, 141, 151, 150, 140, 0, 1, 2, 3, 2, 2, 2, 2, 41, 188, 161, 165, 198, 8, 9, 1, 2, 3, 3, 3, 3, 41, 228, 162, 166, 238, 8, 9, 1, 2, 3, 3, 3, 3, 41, 168, 163, 167, 178, 8, 9, 1, 2, 3, 3, 3, 3, 41, 208, 160, 164, 218, 8, 9, 1, 2, 3, 3, 3, 3, 41, 162, 177, 187, 166, 8, 9, 1, 2, 3, 3, 3, 3, 41, 177, 176, 186, 187, 8, 9, 1, 2, 3, 4, 3, 3, 41, 176, 175, 185, 186, 8, 9, 1, 2, 4, 3, 4, 3, 41, 175, 174, 184, 185, 8, 9, 1, 2, 3, 3, 3, 4, 41, 174, 173, 183, 184, 8, 9, 1, 2, 3, 3, 3, 3, 41, 173, 172, 182, 183, 8, 9, 1, 2, 3, 3, 4, 3, 41, 172, 171, 181, 182, 8, 9, 1, 2, 3, 4, 3, 4, 41, 171, 170, 180, 181, 8, 9, 1, 2, 4, 4, 4, 3, 41, 170, 169, 179, 180, 8, 9, 1, 2, 4, 4, 4, 4, 41, 169, 168, 178, 179, 8, 9, 1, 2, 4, 3, 3, 4, 41, 163, 197, 207, 167, 8, 9, 1, 2, 3, 3, 3, 3, 41, 197, 196, 206, 207, 8, 9, 1, 2, 3, 3, 3, 3, 41, 196, 195, 205, 206, 8, 9, 1, 2, 3, 3, 3, 3, 41, 195, 194, 204, 205, 8, 9, 1, 2, 3, 3, 3, 3, 41, 194, 193, 203, 204, 8, 9, 1, 2, 3, 3, 3, 3, 41, 193, 192, 202, 203, 8, 9, 1, 2, 3, 3, 3, 3, 41, 192, 191, 201, 202, 8, 9, 1, 2, 3, 3, 3, 3, 41, 191, 190, 200, 201, 8, 9, 1, 2, 3, 3, 3, 3, 41, 190, 189, 199, 200, 8, 9, 1, 2, 3, 3, 3, 3, 41, 189, 188, 198, 199, 8, 9, 1, 2, 3, 3, 3, 3, 41, 161, 217, 227, 165, 8, 9, 1, 2, 3, 3, 3, 3, 41, 217, 216, 226, 227, 8, 9, 1, 2, 3, 3, 3, 3, 41, 216, 215, 225, 226, 8, 9, 1, 2, 3, 3, 3, 3, 41, 215, 214, 224, 225, 8, 9, 1, 2, 3, 3, 3, 3, 41, 214, 213, 223, 224, 8, 9, 1, 2, 3, 3, 3, 3, 41, 213, 212, 222, 223, 8, 9, 1, 2, 3, 3, 3, 3, 41, 212, 211, 221, 222, 8, 9, 1, 2, 3, 3, 3, 3, 41, 211, 210, 220, 221, 8, 9, 1, 2, 3, 3, 3, 3, 41, 210, 209, 219, 220, 8, 9, 1, 2, 3, 3, 3, 3, 41, 209, 208, 218, 219, 8, 9, 1, 2, 3, 3, 3, 3, 41, 160, 237, 247, 164, 8, 9, 1, 2, 3, 3, 3, 3, 41, 237, 236, 246, 247, 8, 9, 1, 2, 3, 3, 3, 3, 41, 236, 235, 245, 246, 8, 9, 1, 2, 3, 3, 3, 3, 41, 235, 234, 244, 245, 8, 9, 1, 2, 3, 3, 3, 3, 41, 234, 233, 243, 244, 8, 9, 1, 2, 3, 3, 3, 3, 41, 233, 232, 242, 243, 8, 9, 1, 2, 3, 3, 3, 3, 41, 232, 231, 241, 242, 8, 9, 1, 2, 3, 3, 3, 3, 41, 231, 230, 240, 241, 8, 9, 1, 2, 3, 3, 3, 3, 41, 230, 229, 239, 240, 8, 9, 1, 2, 3, 3, 3, 3, 41, 229, 228, 238, 239, 8, 9, 1, 2, 3, 3, 3, 3, 41, 290, 248, 250, 303, 8, 9, 1, 2, 5, 6, 7, 8, 41, 271, 272, 250, 248, 0, 1, 2, 3, 9, 10, 7, 6, 41, 252, 253, 289, 254, 0, 1, 2, 3, 11, 11, 12, 13, 41, 254, 289, 288, 255, 0, 1, 2, 3, 13, 12, 14, 15, 41, 255, 288, 287, 256, 0, 1, 2, 3, 15, 14, 16, 17, 41, 256, 287, 286, 257, 0, 1, 2, 3, 17, 16, 18, 19, 41, 257, 286, 285, 258, 0, 1, 2, 3, 19, 18, 20, 21, 41, 258, 285, 284, 259, 0, 1, 