{"metadata": {"version": 3, "normals": 75, "generator": "io_three", "uvs": 1, "type": "Geometry", "faces": 156, "vertices": 314}, "normals": [-0.999969, 0.001587, 0.000549, -0.999969, 0.000855, 0.000305, -0.999969, 0.001953, 0.000702, -0.96762, 0.23777, 0.084384, -0.969207, 0.231941, 0.082308, -0.972289, 0.220252, 0.078158, -0.975066, 0.209082, 0.074221, -0.977233, 0.199805, 0.070894, -0.979614, 0.189215, 0.067141, -0.981201, 0.181799, 0.064516, -0.983245, 0.171758, 0.060945, -0.984375, 0.165899, 0.05887, -0.986114, 0.156377, 0.055483, -0.986938, 0.151738, 0.053835, -0.988464, 0.142674, 0.05063, -0.989044, 0.139012, 0.049348, -0.990356, 0.130436, 0.046297, -0.990783, 0.127567, 0.045259, -0.991913, 0.119449, 0.04239, -0.992218, 0.117222, 0.041597, -0.993194, 0.109531, 0.038881, -0.993408, 0.107822, 0.03827, -0.994293, 0.100528, 0.035676, -0.994415, 0.099216, 0.035218, -0.995178, 0.092318, 0.032746, -0.99527, 0.091342, 0.032411, -0.995941, 0.084811, 0.030091, -0.996002, 0.084109, 0.029847, -0.996551, 0.077914, 0.02765, -0.996612, 0.077456, 0.027467, -0.997101, 0.071566, 0.025391, -0.997131, 0.071291, 0.0253, -0.997559, 0.065706, 0.023316, -0.997559, 0.065554, 0.023255, -0.997925, 0.060274, 0.021393, -0.997925, 0.060244, 0.021363, -0.99826, 0.055208, 0.019593, -0.99826, 0.055269, 0.019623, -0.998535, 0.050508, 0.017914, -0.998535, 0.05063, 0.017975, -0.998779, 0.046113, 0.016358, -0.998779, 0.046297, 0.016419, -0.998993, 0.041993, 0.014893, -0.998993, 0.042238, 0.014985, -0.999176, 0.038118, 0.01352, -0.999146, 0.038423, 0.013642, -0.999329, 0.034486, 0.012238, -0.999298, 0.034822, 0.01236, -0.999451, 0.031068, 0.011017, -0.99942, 0.031434, 0.011139, -0.999542, 0.027863, 0.009888, -0.999542, 0.02823, 0.01001, -0.999634, 0.024812, 0.008789, -0.999634, 0.025178, 0.008942, -0.999725, 0.021912, 0.007782, -0.999695, 0.022309, 0.007904, -0.999786, 0.019196, 0.006806, -0.999756, 0.019593, 0.006928, -0.999817, 0.016602, 0.00589, -0.999817, 0.016999, 0.006012, -0.999878, 0.01413, 0.005005, -0.999878, 0.014527, 0.005158, -0.999908, 0.01178, 0.004181, -0.999908, 0.012177, 0.004303, -0.999939, 0.009552, 0.003388, -0.999939, 0.009949, 0.00351, -0.999939, 0.007416, 0.002625, -0.999939, 0.007813, 0.002777, -0.999969, 0.005371, 0.001892, -0.999969, 0.005768, 0.002045, -0.999969, 0.003449, 0.001221, -0.999969, 0.003815, 0.001343, -1, 0, 0, -0.999969, 0, 0, -0.762932, 0, 0.646443], "uvs": [[1, 1, 0, 1, 0, 0, 1, 0, 1, -0, -0, 0, 0, 1, 1, 1, 1, 1, 1, -0, -0, 0]], "faces": [41, 38, 1, 3, 39, 0, 1, 2, 3, 0, 1, 1, 2, 41, 0, 4, 73, 2, 0, 1, 2, 3, 3, 4, 5, 3, 41, 4, 5, 72, 73, 0, 1, 2, 3, 4, 6, 7, 5, 41, 5, 6, 71, 72, 0, 1, 2, 3, 6, 8, 9, 7, 41, 6, 7, 70, 71, 0, 1, 2, 3, 8, 10, 11, 9, 41, 7, 8, 69, 70, 0, 1, 2, 3, 10, 12, 13, 11, 41, 8, 9, 68, 69, 0, 1, 2, 3, 12, 14, 15, 13, 41, 9, 10, 67, 68, 0, 1, 2, 3, 14, 16, 17, 15, 41, 10, 11, 66, 67, 0, 1, 2, 3, 16, 18, 19, 17, 41, 11, 12, 65, 66, 0, 1, 2, 3, 18, 20, 21, 19, 41, 12, 13, 64, 65, 0, 1, 2, 3, 20, 22, 23, 21, 41, 13, 14, 63, 64, 0, 1, 2, 3, 22, 24, 25, 23, 41, 14, 15, 62, 63, 0, 1, 2, 3, 24, 26, 27, 25, 41, 15, 16, 61, 62, 0, 1, 2, 3, 26, 28, 29, 27, 41, 16, 17, 60, 61, 0, 1, 2, 3, 28, 30, 31, 29, 41, 17, 18, 59, 60, 0, 1, 2, 3, 30, 32, 33, 31, 41, 18, 19, 58, 59, 0, 1, 2, 3, 32, 34, 35, 33, 41, 19, 20, 57, 58, 0, 1, 2, 3, 34, 36, 37, 35, 41, 20, 21, 56, 57, 0, 1, 2, 3, 36, 38, 39, 37, 41, 21, 22, 55, 56, 0, 1, 2, 3, 38, 40, 41, 39, 41, 22, 23, 54, 55, 0, 1, 2, 3, 40, 42, 43, 41, 41, 23, 24, 53, 54, 0, 1, 2, 3, 42, 44, 45, 43, 41, 24, 25, 52, 53, 0, 1, 2, 3, 44, 46, 47, 45, 41, 25, 26, 51, 52, 0, 1, 2, 3, 46, 48, 49, 47, 41, 26, 27, 50, 51, 0, 1, 2, 3, 48, 50, 51, 49, 41, 27, 28, 49, 50, 0, 1, 2, 3, 50, 52, 53, 51, 41, 28, 29, 48, 49, 0, 1, 2, 3, 52, 54, 55, 53, 41, 29, 30, 47, 48, 0, 1, 2, 3, 54, 56, 57, 55, 41, 30, 31, 46, 47, 0, 1, 2, 3, 56, 58, 59, 57, 41, 31, 32, 45, 46, 0, 1, 2, 3, 58, 60, 61, 59, 41, 32, 33, 44, 45, 0, 1, 2, 3, 60, 62, 63, 61, 41, 33, 34, 43, 44, 0, 1, 2, 3, 62, 64, 65, 63, 41, 34, 35, 42, 43, 0, 1, 2, 3, 64, 66, 67, 65, 41, 35, 36, 41, 42, 0, 1, 2, 3, 66, 68, 69, 67, 41, 36, 37, 40, 41, 0, 1, 2, 3, 68, 70, 71, 69, 41, 37, 38, 39, 40, 0, 1, 2, 3, 70, 0, 2, 71, 41, 193, 143, 77, 108, 4, 5, 6, 7, 72, 72, 72, 72, 41, 192, 139, 81, 114, 8, 9, 10, 6, 72, 72, 72, 72, 41, 191, 145, 80, 112, 4, 5, 6, 7, 72, 72, 72, 72, 41, 190, 147, 88, 122, 4, 5, 6, 7, 72, 72, 72, 72, 41, 189, 131, 85, 125, 8, 9, 10, 6, 72, 72, 72, 72, 41, 188, 135, 89, 127, 8, 9, 10, 6, 72, 72, 72, 72, 41, 187, 149, 84, 118, 4, 5, 6, 7, 72, 72, 72, 72, 41, 186, 150, 100, 138, 4, 5, 6, 7, 72, 72, 72, 72, 41, 185, 113, 97, 151, 8, 9, 10, 6, 72, 72, 72, 72, 41, 182, 109, 93, 153, 8, 9, 10, 6, 72, 72, 72, 72, 41, 172, 160, 104, 142, 4, 5, 6, 7, 72, 72, 72, 72, 41, 169, 162, 96, 134, 4, 5, 6, 7, 72, 72, 72, 72, 41, 168, 119, 101, 163, 8, 9, 10, 6, 72, 72, 72, 72, 41, 167, 123, 105, 164, 8, 9, 10, 6, 72, 72, 72, 72, 41, 166, 165, 92, 130, 4, 5, 6, 7, 72, 72, 72, 72, 41, 149, 166, 130, 84, 4, 5, 6, 7, 72, 72, 72, 72, 41, 127, 89, 123, 167, 8, 9, 10, 6, 72, 72, 72, 72, 41, 125, 85, 119, 168, 8, 9, 10, 6, 72, 72, 72, 72, 41, 147, 169, 134, 88, 4, 5, 6, 7, 72, 72, 72, 72, 41, 99, 161, 170, 117, 8, 9, 10, 6, 72, 72, 72, 72, 41, 117, 170, 146, 83, 8, 9, 10, 6, 72, 72, 72, 72, 41, 79, 144, 171, 137, 8, 9, 10, 6, 72, 72, 72, 72, 41, 137, 171, 161, 99, 8, 9, 10, 6, 72, 72, 72, 72, 41, 91, 159, 172, 107, 8, 9, 10, 6, 72, 72, 72, 72, 41, 107, 172, 142, 75, 4, 5, 6, 7, 72, 72, 72, 72, 41, 83, 146, 173, 129, 8, 9, 10, 6, 72, 72, 72, 72, 41, 129, 173, 159, 91, 8, 9, 10, 6, 72, 72, 72, 72, 41, 116, 98, 158, 174, 4, 5, 6, 7, 73, 72, 72, 72, 41, 82, 116, 174, 124, 4, 5, 6, 7, 72, 73, 72, 73, 41, 136, 78, 115, 175, 4, 5, 6, 7, 72, 72, 72, 72, 41, 98, 136, 175, 158, 4, 5, 6, 7, 72, 72, 72, 72, 41, 103, 156, 176, 121, 8, 9, 10, 6, 72, 72, 72, 72, 41, 121, 176, 148, 87, 8, 9, 10, 6, 72, 72, 72, 72, 41, 106, 90, 157, 177, 4, 5, 6, 7, 72, 72, 72, 72, 41, 74, 106, 177, 141, 4, 5, 6, 7, 72, 72, 72, 72, 41, 141, 177, 156, 103, 8, 9, 10, 6, 72, 72, 72, 72, 41, 128, 82, 124, 178, 4, 5, 6, 7, 72, 72, 73, 72, 41, 90, 128, 178, 157, 4, 5, 6, 7, 72, 72, 72, 72, 41, 95, 155, 179, 111, 8, 9, 10, 6, 72, 72, 72, 72, 41, 111, 179, 144, 79, 8, 9, 10, 6, 72, 72, 72, 72, 41, 87, 148, 180, 133, 8, 9, 10, 6, 72, 72, 72, 72, 41, 133, 180, 155, 95, 8, 9, 10, 6, 72, 72, 72, 72, 41, 120, 102, 154, 181, 4, 5, 6, 7, 72, 72, 72, 72, 41, 86, 120, 181, 126, 4, 5, 6, 7, 72, 72, 72, 72, 41, 140, 76, 109, 182, 4, 5, 6, 7, 72, 72, 72, 72, 41, 102, 140, 182, 154, 4, 5, 6, 7, 72, 72, 72, 72, 41, 110, 94, 152, 183, 4, 5, 6, 7, 72, 72, 72, 72, 41, 78, 110, 183, 115, 4, 5, 6, 7, 72, 72, 72, 72, 41, 132, 86, 126, 184, 4, 5, 6, 7, 72, 72, 72, 72, 41, 94, 132, 184, 152, 4, 5, 6, 7, 72, 72, 72, 72, 41, 114, 81, 113, 185, 8, 9, 10, 6, 72, 72, 72, 72, 41, 145, 186, 138, 80, 4, 5, 6, 7, 72, 72, 72, 72, 41, 150, 187, 118, 100, 4, 5, 6, 7, 72, 72, 72, 72, 41, 151, 97, 135, 188, 8, 9, 10, 6, 72, 72, 72, 72, 41, 153, 93, 131, 189, 8, 9, 10, 6, 72, 72, 72, 72, 41, 160, 190, 122, 104, 4, 5, 6, 7, 72, 72, 72, 72, 41, 162, 191, 112, 96, 4, 5, 6, 7, 72, 72, 72, 72, 41, 163, 101, 139, 192, 8, 9, 10, 6, 72, 72, 72, 72, 41, 164, 105, 143, 193, 8, 9, 10, 6, 72, 72, 72, 72, 41, 165, 193, 108, 92, 4, 5, 6, 7, 72, 72, 72, 72, 41, 313, 263, 197, 228, 4, 5, 6, 7, 74, 74, 74, 74, 41, 312, 259, 201, 234, 8, 9, 10, 6, 74, 74, 74, 74, 41, 311, 265, 200, 232, 4, 5, 6, 7, 74, 74, 74, 74, 41, 310, 267, 208, 242, 4, 5, 6, 7, 74, 74, 74, 74, 41, 309, 251, 205, 245, 8, 9, 10, 6, 74, 74, 74, 74, 41, 308, 255, 209, 247, 8, 9, 10, 6, 74, 74, 74, 74, 41, 307, 269, 204, 238, 4, 5, 6, 7, 74, 74, 74, 74, 41, 306, 270, 220, 258, 4, 5, 6, 7, 74, 74, 74, 74, 41, 305, 233, 217, 271, 8, 9, 10, 6, 74, 74, 74, 74, 41, 302, 229, 213, 273, 8, 9, 10, 6, 74, 74, 74, 74, 41, 292, 280, 224, 262, 4, 5, 6, 7, 74, 74, 74, 74, 41, 289, 282, 216, 254, 4, 5, 6, 7, 74, 74, 74, 74, 41, 288, 239, 221, 283, 8, 9, 10, 6, 74, 74, 74, 74, 41, 287, 243, 225, 284, 8, 9, 