{
    "vertices": [-0.6,-0.112496,-3,0.6,-0.112496,-3,-0.6,1.0875,-3,0.6,1.0875,-3],
    "metadata": {
        "version": 3,
        "normals": 1,
        "vertices": 4,
        "type": "Geometry",
        "generator": "io_three",
        "uvs": 1,
        "faces": 1
    },
    "name": "Plane.001Geometry",
    "faces": [41,0,1,3,2,0,1,2,3,0,0,0,0],
    "uvs": [[0.0001,0.0001,0.9999,0.0001,0.9999,0.9999,0.0001,0.9999]],
    "normals": [0,0,1]
}